{
  "description": "Predictive direction probe analysis (Experiment A)",
  "reference_direction": "sft_numinamath_n10000_r8_lr5e-5_ep1",
  "per_source_train_test": {
    "numinamath": {
      "n_train": 6,
      "n_test": 3,
      "raw_norm_model": {
        "a": -0.1375340578784306,
        "b": 0.31330792318610157,
        "r2_train": 0.8001018702735134,
        "mae_test": 0.007202344019937967
      },
      "eff_perturb_model": {
        "a": -0.17514550387553413,
        "b": 0.3075884758212526,
        "r2_train": 0.8458769107438869,
        "mae_test": 0.04282618228337134
      },
      "test_predictions": [
        {
          "name": "sft_numinamath_n2000_r8_lr5e-5_ep1",
          "N": 2000,
          "actual_orz": 0.2333984375,
          "pred_raw": 0.23026726112653534,
          "pred_eff": 0.21540767806179018,
          "error_raw": 0.0031311763734646614,
          "error_eff": 0.017990759438209825
        },
        {
          "name": "sft_numinamath_n5000_r8_lr5e-5_ep1",
          "N": 5000,
          "actual_orz": 0.224609375,
          "pred_raw": 0.21247802500879817,
          "pred_eff": 0.17667884466887473,
          "error_raw": 0.012131349991201829,
          "error_eff": 0.047930530331125265
        },
        {
          "name": "sft_numinamath_n10000_r8_lr5e-5_ep1",
          "N": 10000,
          "actual_orz": 0.2001953125,
          "pred_raw": 0.1938508068048526,
          "pred_eff": 0.13763805541922108,
          "error_raw": 0.006344505695147412,
          "error_eff": 0.06255725708077892
        }
      ]
    },
    "numinamath_hard": {
      "n_train": 3,
      "n_test": 3,
      "raw_norm_model": {
        "a": -0.05686353604061648,
        "b": 0.3029186485548762,
        "r2_train": 0.6585398626074225,
        "mae_test": 0.026350566308837014
      },
      "eff_perturb_model": {
        "a": -0.07749393144724977,
        "b": 0.30110505856318714,
        "r2_train": 0.7369806722641045,
        "mae_test": 0.02058921976091101
      },
      "test_predictions": [
        {
          "name": "sft_numinamath_hard_n2000_r8_lr5e-5_ep1",
          "N": 2000,
          "actual_orz": 0.2607421875,
          "pred_raw": 0.2689578922068997,
          "pred_eff": 0.26467760275353414,
          "error_raw": 0.008215704706899696,
          "error_eff": 0.003935415253534136
        },
        {
          "name": "sft_numinamath_hard_n5000_r8_lr5e-5_ep1",
          "N": 5000,
          "actual_orz": 0.2392578125,
          "pred_raw": 0.26207393413212693,
          "pred_eff": 0.25504873216699503,
          "error_raw": 0.02281612163212693,
          "error_eff": 0.01579091966699503
        },
        {
          "name": "sft_numinamath_hard_n10000_r8_lr5e-5_ep1",
          "N": 10000,
          "actual_orz": 0.208984375,
          "pred_raw": 0.2570042475874844,
          "pred_eff": 0.25102569936220387,
          "error_raw": 0.04801987258748441,
          "error_eff": 0.04204132436220387
        }
      ]
    },
    "openr1": {
      "n_train": 3,
      "n_test": 5,
      "raw_norm_model": {
        "a": -0.0930959601409274,
        "b": 0.2934440094198246,
        "r2_train": 0.8889330576176393,
        "mae_test": 0.0888191942680244
      },
      "eff_perturb_model": {
        "a": -0.19237722643099145,
        "b": 0.2911387347638584,
        "r2_train": 0.9134034272995168,
        "mae_test": 0.11270248093511732
      },
      "test_predictions": [
        {
          "name": "sft_openr1_n1250_r8_lr5e-5_ep1",
          "N": 1250,
          "actual_orz": 0.2568359375,
          "pred_raw": 0.25443383067937175,
          "pred_eff": 0.25475954081686897,
          "error_raw": 0.002402106820628247,
          "error_eff": 0.002076396683131032
        },
        {
          "name": "sft_openr1_n1500_r8_lr5e-5_ep1",
          "N": 1500,
          "actual_orz": 0.2587890625,
          "pred_raw": 0.2503032105041862,
          "pred_eff": 0.2503353063300923,
          "error_raw": 0.008485851995813809,
          "error_eff": 0.008453756169907678
        },
        {
          "name": "sft_openr1_n2000_r8_lr5e-5_ep1",
          "N": 2000,
          "actual_orz": 0.0537109375,
          "pred_raw": 0.22003001425694038,
          "pred_eff": 0.2285006397111191,
          "error_raw": 0.16631907675694038,
          "error_eff": 0.1747897022111191
        },
        {
          "name": "sft_openr1_n5000_r8_lr5e-5_ep1",
          "N": 5000,
          "actual_orz": 0.0244140625,
          "pred_raw": 0.18068887939416745,
          "pred_eff": 0.21909995822096623,
          "error_raw": 0.15627481689416745,
          "error_eff": 0.19468589572096623
        },
        {
          "name": "sft_openr1_n10000_r8_lr5e-5_ep1",
          "N": 10000,
          "actual_orz": 0.03125,
          "pred_raw": 0.14186411887257216,
          "pred_eff": 0.2147566538904626,
          "error_raw": 0.11061411887257216,
          "error_eff": 0.1835066538904626
        }
      ]
    }
  },
  "cross_source_prediction": {
    "fit_source": "numinamath",
    "predict_source": "openr1",
    "n_fit": 9,
    "n_predict": 8,
    "raw_norm_mae": 0.049953700706134065,
    "eff_perturb_mae": 0.09560205216439657,
    "improvement_pct": -91.38132072897078,
    "predictions": [
      {
        "name": "sft_openr1_n100_r8_lr5e-5_ep1",
        "N": 100,
        "actual_orz": 0.28125,
        "pred_raw": 0.2991022111926685,
        "pred_eff": 0.29455797817470547
      },
      {
        "name": "sft_openr1_n500_r8_lr5e-5_ep1",
        "N": 500,
        "actual_orz": 0.2685546875,
        "pred_raw": 0.26630931966380084,
        "pred_eff": 0.281655050895867
      },
      {
        "name": "sft_openr1_n1000_r8_lr5e-5_ep1",
        "N": 1000,
        "actual_orz": 0.2392578125,
        "pred_raw": 0.24447899201015139,
        "pred_eff": 0.2716987211651821
      },
      {
        "name": "sft_openr1_n1250_r8_lr5e-5_ep1",
        "N": 1250,
        "actual_orz": 0.2568359375,
        "pred_raw": 0.2583360882849694,
        "pred_eff": 0.27803700364599454
      },
      {
        "name": "sft_openr1_n1500_r8_lr5e-5_ep1",
        "N": 1500,
        "actual_orz": 0.2587890625,
        "pred_raw": 0.25274293141345283,
        "pred_eff": 0.27557339775452233
      },
      {
        "name": "sft_openr1_n2000_r8_lr5e-5_ep1",
        "N": 2000,
        "actual_orz": 0.0537109375,
        "pred_raw": 0.2117508458592669,
        "pred_eff": 0.2634149071768617
      },
      {
        "name": "sft_openr1_n5000_r8_lr5e-5_ep1",
        "N": 5000,
        "actual_orz": 0.0244140625,
        "pred_raw": 0.15848011907764162,
        "pred_eff": 0.25818019948399074
      },
      {
        "name": "sft_openr1_n10000_r8_lr5e-5_ep1",
        "N": 10000,
        "actual_orz": 0.03125,
        "pred_raw": 0.10590860030162841,
        "pred_eff": 0.2557616590180487
      }
    ]
  },
  "leave_one_out_cv": {
    "n_experiments": 23,
    "raw_norm_loo_mae": 0.029995393822641145,
    "eff_perturb_loo_mae": 0.05408863266214685,
    "improvement_pct": -80.32312888427431
  },
  "direction_stability": {
    "numinamath": {
      "min_N": 50,
      "max_N": 10000,
      "cos_min_max": 0.4661337733268738,
      "consecutive_cosines": [
        {
          "from": 50,
          "to": 100,
          "cosine": 1.0819865465164185
        },
        {
          "from": 100,
          "to": 200,
          "cosine": 1.0765581130981445
        },
        {
          "from": 200,
          "to": 300,
          "cosine": 1.0828559398651123
        },
        {
          "from": 300,
          "to": 500,
          "cosine": 1.0715810060501099
        },
        {
          "from": 500,
          "to": 1000,
          "cosine": 1.0347462892532349
        },
        {
          "from": 1000,
          "to": 2000,
          "cosine": 1.0533332824707031
        },
        {
          "from": 2000,
          "to": 5000,
          "cosine": 1.0205190181732178
        },
        {
          "from": 5000,